{"cameraMode":{"drawMode":0,"name":"Shaded","section":"Shading Mode"},"sceneLighting":false,"audioPlay":false,"sceneViewState":{"showFog":true,"showMaterialUpdate":false,"showSkybox":true,"showFlares":true,"showImageEffects":true,"showParticleSystems":true},"in2DMode":false,"pivot":{"x":1.211087703704834,"y":-0.2929348945617676,"z":0.5012335777282715},"rotation":{"x":0.1962999403476715,"y":0.2673429250717163,"z":-0.05573846027255058,"w":0.9417635202407837},"size":12.055869102478028,"orthographic":false}